substance	6	7	8	10	11	12	13	14	15	16	17	18	19	20	21	22	23	24	25	26	27	28	29	30	32	34	35	36	NA
Amoxicillin	158	0	0	2	0	1	0	0	0	0	0	0	0	0	0	0	0	0	0	0	0	0	0	0	0	0	0	0	1
Azithromycin	44	0	2	22	1	21	0	7	4	15	0	12	0	8	4	9	3	3	2	2	0	0	2	0	0	0	0	0	1
Cefotaxime	112	1	6	4	1	8	0	4	1	3	0	3	1	7	0	4	2	0	1	1	1	0	0	1	0	0	0	0	1
Cefotaxime + Clavulanic acid	1	0	0	0	0	0	0	11	3	11	1	10	2	19	3	22	16	14	15	13	5	5	0	6	3	0	0	1	1
Ceftriaxone	114	1	2	6	1	7	0	4	0	2	1	4	0	4	1	4	3	2	1	2	0	1	0	0	1	0	0	0	1
Ciprofloxacin	26	0	1	1	0	5	0	12	3	10	0	7	0	8	8	12	9	9	8	23	4	2	2	3	2	4	2	0	1
Doxyciline	36	4	9	27	2	35	3	20	4	15	2	2	0	2	0	0	0	0	0	0	0	0	0	0	0	0	0	0	1
Florfenicol	3	0	0	0	0	1	0	1	0	5	0	12	0	20	6	27	16	28	12	17	5	6	2	0	0	0	0	0	1
Gentamicin	19	2	3	1	0	15	2	8	24	13	2	37	2	26	1	3	0	1	0	2	0	0	0	0	0	0	0	0	1
Oxytetracyline	95	1	0	0	0	1	0	7	1	8	0	16	1	17	5	2	5	1	1	0	0	0	0	0	0	0	0	0	1
Polymixin B (PB)	8	0	0	1	20	74	22	27	6	1	0	0	0	0	0	0	0	2	0	0	0	0	0	0	0	0	0	0	1
Sulfamethoxazole/Trimethoprim	113	0	0	1	0	3	0	2	0	2	0	7	1	6	1	8	5	3	1	5	1	1	0	1	0	0	0	0	1
Meropenem	0	0	0	0	0	1	0	2	0	4	0	3	1	7	2	1	26	25	20	29	5	14	3	13	0	3	0	2	1
