term,estimate,std.error,aOR,CI_Lower,CI_Upper,p.value
DISTRICTIlemela,0.35007984524207963,0.3456305743006531,1.4191808589087866,0.7242554253986175,2.819360269789411,0.3111208699095219
DISTRICTMagu,1.076688985223902,0.3292600644035951,2.934945796755693,1.5554113829485028,5.674014729206042,0.0010753758371222586
DISTRICTMoshi Rural,0.15192790822278074,0.3959221457331012,1.1640763130768281,0.5319016273507688,2.5278788900599753,0.7011772583357263
DISTRICTMoshi Urban,0.7602770061885994,0.3578891954361854,2.13886861828797,1.0663778888270063,4.354173273457465,0.03364203311337997
DISTRICTNyamagana,0.48536979161034793,0.3319727793130672,1.6247757261995104,0.8546767677578262,3.1523505306597848,0.14372008890947127
SEASONWet,0.962139381496421,0.1948064568368756,2.6172898696033795,1.79013613920697,3.8448946544281632,7.85442815799356e-7
Heard_AMRYes,-0.4936613554374919,0.21385416869881366,0.610387452486779,0.399392315284507,0.9246382662975328,0.020976797035676897
Used_AB_SIXMYes,0.47778667604261843,0.22806199193384305,1.6125014614978224,1.0358548356208686,2.5362297436958614,0.03617223865660845
Has_ToiletYes,-1.6831688053024783,0.7507498580851073,0.18578432792932528,0.036866464156689316,0.7871348993169336,0.024962437789953783
ORIGIN_OF_SAMPLESchoolchildren,-0.3954198452598257,0.2074163741961687,0.6733972572442457,0.44765077379673196,1.0103895953193878,0.05659753525935756
