"","Var1","Var2","p_value_fmt","Cramers_V_fmt"
"Cramer V...1","GENDER","REGION","0.665","0.020"
"Cramer V...2","GENDER","ORIGIN_OF_SAMPLE","0.027","0.094*"
"Cramer V...3","GENDER","DISTRICT","0.051","0.137"
"Cramer V...4","GENDER","Demographic","0.033","0.091*"
"Cramer V...5","GENDER","SEASON","0.500","0.029"
"Cramer V...6","GENDER","Age_group","<0.001","0.280**"
"Cramer V...7","GENDER","Heard_AMR","0.195","0.056"
"Cramer V...8","GENDER","Used_AB_EVER","0.394","0.042"
"Cramer V...9","GENDER","Used_AB_SIXM","0.471","0.033"
"Cramer V...10","GENDER","Owns_Farm_Animals","0.337","0.042"
"Cramer V...11","GENDER","OWNS_Poultry","0.309","0.044"
"Cramer V...12","GENDER","Has_Toilet","0.742","0.017"
"Cramer V...13","GENDER","Wash_Hands_Toilet","0.813","0.010"
"Cramer V...14","GENDER","OccupationalStatus","0.471","0.068"
"Cramer V...15","REGION","ORIGIN_OF_SAMPLE","0.656","0.021"
"Cramer V...16","REGION","DISTRICT","<0.001","1.000***"
"Cramer V...17","REGION","Demographic","<0.001","0.340***"
"Cramer V...18","REGION","SEASON","<0.001","0.224**"
"Cramer V...19","REGION","Age_group","0.144","0.118"
"Cramer V...20","REGION","Heard_AMR","0.006","0.115**"
"Cramer V...21","REGION","Used_AB_EVER","<0.001","0.195**"
"Cramer V...22","REGION","Used_AB_SIXM","0.026","0.091*"
"Cramer V...23","REGION","Owns_Farm_Animals","<0.001","0.172**"
"Cramer V...24","REGION","OWNS_Poultry","0.459","0.034"
"Cramer V...25","REGION","Has_Toilet","0.276","0.059"
"Cramer V...26","REGION","Wash_Hands_Toilet","1.000","0.003"
"Cramer V...27","REGION","OccupationalStatus","0.126","0.100"
"Cramer V...28","ORIGIN_OF_SAMPLE","DISTRICT","0.095","0.129"
"Cramer V...29","ORIGIN_OF_SAMPLE","Demographic","0.157","0.059"
"Cramer V...30","ORIGIN_OF_SAMPLE","SEASON","0.343","0.041"
"Cramer V...31","ORIGIN_OF_SAMPLE","Age_group","<0.001","0.944***"
"Cramer V...32","ORIGIN_OF_SAMPLE","Heard_AMR","<0.001","0.307***"
"Cramer V...33","ORIGIN_OF_SAMPLE","Used_AB_EVER","<0.001","0.219**"
"Cramer V...34","ORIGIN_OF_SAMPLE","Used_AB_SIXM","<0.001","0.350***"
"Cramer V...35","ORIGIN_OF_SAMPLE","Owns_Farm_Animals","<0.001","0.241**"
"Cramer V...36","ORIGIN_OF_SAMPLE","OWNS_Poultry","0.110","0.067"
"Cramer V...37","ORIGIN_OF_SAMPLE","Has_Toilet","0.466","0.041"
"Cramer V...38","ORIGIN_OF_SAMPLE","Wash_Hands_Toilet","<0.001","0.195**"
"Cramer V...39","ORIGIN_OF_SAMPLE","OccupationalStatus","<0.001","0.194**"
"Cramer V...40","DISTRICT","Demographic","<0.001","1.000***"
"Cramer V...41","DISTRICT","SEASON","<0.001","0.303***"
"Cramer V...42","DISTRICT","Age_group","0.002","0.134**"
"Cramer V...43","DISTRICT","Heard_AMR","<0.001","0.190**"
"Cramer V...44","DISTRICT","Used_AB_EVER","<0.001","0.203**"
"Cramer V...45","DISTRICT","Used_AB_SIXM","<0.001","0.216**"
"Cramer V...46","DISTRICT","Owns_Farm_Animals","<0.001","0.301***"
"Cramer V...47","DISTRICT","OWNS_Poultry","<0.001","0.293**"
"Cramer V...48","DISTRICT","Has_Toilet","0.554","0.083"
"Cramer V...49","DISTRICT","Wash_Hands_Toilet","<0.001","0.178**"
"Cramer V...50","DISTRICT","OccupationalStatus","<0.001","0.240**"
"Cramer V...51","Demographic","SEASON","<0.001","0.141**"
"Cramer V...52","Demographic","Age_group","0.484","0.087"
"Cramer V...53","Demographic","Heard_AMR","0.083","0.072"
"Cramer V...54","Demographic","Used_AB_EVER","0.385","0.040"
"Cramer V...55","Demographic","Used_AB_SIXM","0.074","0.075"
"Cramer V...56","Demographic","Owns_Farm_Animals","<0.001","0.232**"
"Cramer V...57","Demographic","OWNS_Poultry","<0.001","0.165**"
"Cramer V...58","Demographic","Has_Toilet","0.288","0.044"
"Cramer V...59","Demographic","Wash_Hands_Toilet","0.168","0.061"
"Cramer V...60","Demographic","OccupationalStatus","<0.001","0.203**"
"Cramer V...61","SEASON","Age_group","0.365","0.096"
"Cramer V...62","SEASON","Heard_AMR","<0.001","0.164**"
"Cramer V...63","SEASON","Used_AB_EVER","<0.001","0.174**"
"Cramer V...64","SEASON","Used_AB_SIXM","0.768","0.014"
"Cramer V...65","SEASON","Owns_Farm_Animals","0.016","0.102**"
"Cramer V...66","SEASON","OWNS_Poultry","0.236","0.052"
"Cramer V...67","SEASON","Has_Toilet","0.485","0.033"
"Cramer V...68","SEASON","Wash_Hands_Toilet","0.561","0.029"
"Cramer V...69","SEASON","OccupationalStatus","0.090","0.104"
"Cramer V...70","Age_group","Heard_AMR","<0.001","0.337***"
"Cramer V...71","Age_group","Used_AB_EVER","<0.001","0.206**"
"Cramer V...72","Age_group","Used_AB_SIXM","<0.001","0.348***"
"Cramer V...73","Age_group","Owns_Farm_Animals","<0.001","0.259**"
"Cramer V...74","Age_group","OWNS_Poultry","0.545","0.081"
"Cramer V...75","Age_group","Has_Toilet","0.620","0.071"
"Cramer V...76","Age_group","Wash_Hands_Toilet","0.005","0.177**"
"Cramer V...77","Age_group","OccupationalStatus","<0.001","0.177**"
"Cramer V...78","Heard_AMR","Used_AB_EVER","0.050","0.085"
"Cramer V...79","Heard_AMR","Used_AB_SIXM","<0.001","0.195**"
"Cramer V...80","Heard_AMR","Owns_Farm_Animals","0.257","0.049"
"Cramer V...81","Heard_AMR","OWNS_Poultry","0.580","0.025"
"Cramer V...82","Heard_AMR","Has_Toilet","0.449","0.036"
"Cramer V...83","Heard_AMR","Wash_Hands_Toilet","0.002","0.132**"
"Cramer V...84","Heard_AMR","OccupationalStatus","0.048","0.117**"
"Cramer V...85","Used_AB_EVER","Used_AB_SIXM","<0.001","0.391***"
"Cramer V...86","Used_AB_EVER","Owns_Farm_Animals","0.028","0.099*"
"Cramer V...87","Used_AB_EVER","OWNS_Poultry","0.575","0.025"
"Cramer V...88","Used_AB_EVER","Has_Toilet","0.402","0.031"
"Cramer V...89","Used_AB_EVER","Wash_Hands_Toilet","0.335","0.044"
"Cramer V...90","Used_AB_EVER","OccupationalStatus","0.016","0.134**"
"Cramer V...91","Used_AB_SIXM","Owns_Farm_Animals","<0.001","0.149**"
"Cramer V...92","Used_AB_SIXM","OWNS_Poultry","0.789","0.013"
"Cramer V...93","Used_AB_SIXM","Has_Toilet","0.692","0.020"
"Cramer V...94","Used_AB_SIXM","Wash_Hands_Toilet","0.454","0.036"
"Cramer V...95","Used_AB_SIXM","OccupationalStatus","0.405","0.071"
"Cramer V...96","Owns_Farm_Animals","OWNS_Poultry","<0.001","0.324***"
"Cramer V...97","Owns_Farm_Animals","Has_Toilet","1.000","0.007"
"Cramer V...98","Owns_Farm_Animals","Wash_Hands_Toilet","0.123","0.067"
"Cramer V...99","Owns_Farm_Animals","OccupationalStatus","0.030","0.122**"
"Cramer V...100","OWNS_Poultry","Has_Toilet","0.735","0.017"
"Cramer V...101","OWNS_Poultry","Wash_Hands_Toilet","0.394","0.040"
"Cramer V...102","OWNS_Poultry","OccupationalStatus","<0.001","0.192**"
"Cramer V...103","Has_Toilet","Wash_Hands_Toilet","<0.001","0.286**"
"Cramer V...104","Has_Toilet","OccupationalStatus","0.828","0.049"
"Cramer V...105","Wash_Hands_Toilet","OccupationalStatus","<0.001","0.181**"
