"","Variable","term","estimate","OR","p.value"
"1","GENDER","GENDERMale",-0.0160264050721996,0.984101334445423,0.927425362584486
"2","REGION","REGIONMwanza",0.0398521453412142,1.04065689684653,0.826309344885544
"3","ORIGIN_OF_SAMPLE","ORIGIN_OF_SAMPLESchoolchildren",-0.305456504599934,0.73678695097576,0.0831004379088304
"4","Heard_AMR","Heard_AMRYes",-0.349221562572657,0.705236858865864,0.0621647584812354
"5","Used_AB_EVER","Used_AB_EVERYes",0.275896270683872,1.31771117165923,0.471114627215655
"6","Used_AB_SIXM","Used_AB_SIXMYes",0.359303066342731,1.43233082706442,0.0682964947409014
"7","Owns_Farm_Animals","Owns_Farm_AnimalsYes",-0.107029451878686,0.898499210110881,0.540972904631812
"8","OWNS_Poultry","OWNS_PoultryYes",-0.00372439909096577,0.996282527881058,0.984201069679585
"9","Has_Toilet","Has_ToiletYes",-1.22469893484275,0.293846153846244,0.0959409889539409
"10","Wash_Hands_Toilet","Wash_Hands_ToiletYes",-0.165057791400459,0.847844704539206,0.499647367688103
